museum_id,cluster,name,city
27315,0,Pernova Nature House,Pärnu
31335,0,The Art Gallery of the Narva Museum,Narva
8853,0,The Red Tower,Pärnu
9217,0,Museum of New Art in Pärnu,Pärnu
9223,0,The Koidula Museum,Pärnu
15570,1,Palmse Manor,Palmse
19491,1,MOMU Motorsports Museum(temporarily closed),Turba
19495,1,The Wittenstein Time Center,Paide
19499,1,The Wittenstein Activity Center,Paide
30897,1,Pokuland,Urvaste
34174,1,Padise Monastery Visitor Centre,Padise
8930,1,Amandus Adamson Studio Museum,Paldiski
9120,1,Palamuse O. Luts’s Parish School Museum,Palamuse
9231,1,The Rudolf Tobias House Museum,Selja
9244,1,Obinitsa  Museum,Obinitsa
12735,2,The Under and Tuglas Literature Centre of the Estonian Academy of Sciences,Tallinn
12771,2,The Kai Art Center,Tallinn
12921,2,The PROTO Invention Factory,Tallinn
14252,2,The Tallinn Art Hall Lasnamäe Pavilion,Tallinn
14285,2,Peter the Great’s House,Tallinn
14456,2,Maarjamäe Palace,Tallinn
14475,2,Film Museum,Tallinn
14524,2,Estonian Theatre and Music Museum,Tallinn
14536,2,The Great Guild Hall,Tallinn
19487,2,Eduard Vilde Museum,Tallinn
19625,2,Adamson-Eric Museum,Tallinn
19641,2,Kadriorg Art Museum,Tallinn
19704,2,Gallery Seek,Tallinn
21129,2,Museum of Photography,Tallinn
29971,2,The Banned Books Museum,Tallinn
33288,2,Energy Discovery Center,Tallinn
8890,2,Contemporary Art Museum of Estonia,Tallinn
8914,2,Computer Museum,Tallinn
8984,2,Estonian Health Museum,Tallinn
9069,2,Estonian Applied Art and Design Museum,Tallinn
9110,2,The Estonian Museum of Natural History,Tallinn
9158,2,Estonian Open Air Museum,Tallinn
9175,2,Estonian Museum of Architecture,Tallinn
9246,2,Museum of Puppetry Arts,Tallinn
9262,2,Seaplane Harbour – The Estonian Maritime Museum,Tallinn
12796,3,KGB Prison Cells in Tallinn,Tallinn
12874,3,The Vabamu Museum of Occupations and Freedom,Tallinn
15044,3,Juhan Kuus Documentary Photo Centre,Tallinn
19341,3,Kiek in de Kök Fortification Museum,Tallinn
19479,3,Mati Unt Museum,Tallinn
19483,3,Tammsaare’s Apartment-Museum in Tallinn,Tallinn
19644,3,Kumu Art Museum,Tallinn
19680,3,Mikkel Museum,Tallinn
20323,3,Children&#8217;s Museum Miiamilla,Tallinn
33316,3,Nõmme Museum,Tallinn
8827,3,Tallinn Museum of Orders of Knighthood,Tallinn
8873,3,The People’s Museum of Tallinn,Tallinn
9030,3,Kalamaja Museum,Tallinn
9124,3,The Museum and Visitor Centre of Fat Margaret,Tallinn
9229,3,Tallinn City Life Museum,Tallinn
25373,4,Estonian Bicycle Museum,Väätsa
8936,4,Estonian Road Museum,Varbuse
12727,5,The Heavy Artillery Hall of the Estonian War Museum,Viimsi
19325,5,Haapsalu Town Hall,Haapsalu
21459,5,Haapsalu Castle,Haapsalu
8869,5,Estonian Police Museum,
9042,5,The Railway and Communications Museum,Haapsalu
9116,5,Estonian War Museum,Viimsi
9154,5,Museum of the Coastal Swedes,Haapsalu
21656,6,Mihkli Farm Museum in Saaremaa,Viki
8814,6,Tori Horse Breeding Farm Museum,Tori
9052,6,Estonian Dairy Museum,Imavere
9075,6,The Värska Farm Museum,Värska
9128,6,A. H. Tammsaare Museum in Vargamäe,Vetepere
9203,6,Estonian Agricultural Museum,Ülenurme
9221,6,The Carl Robert Jakobson Farm Museum,Kurgja
9241,6,The Mihkli Farm Museum in Hiiumaa,Malvaste
31888,7,The House Museum of Johannes and Joosep Aavik,Kuressaare
31644,8,Virtual Time Travel Experience &#8220;VR Tallinn 1939/44&#8243;(Closed in January 2026),Tallinn
31648,8,Virtual Time Travel Experience &#8220;VR Toila 1938&#8221;,Pühajõe
13038,9,The Old Observatory,Tartu
14327,9,TYPA Printing and Paper Arts Centre,Tartu
14433,9,Botanical Garden of the University of Tartu,Tartu
34195,9,Tartu Art House,Tartu
8906,9,Estonian National Museum,Tartu
8990,9,The Tartu Art Museum,Tartu
9012,9,19th Century Tartu Citizen’s Museum,Tartu
9101,9,Estonian Sports and Olympic Museum,Tartu
9118,9,Tartu City Museum,Tartu
9132,9,Tartu Toy Museum,Tartu
9134,9,KGB Cells Museum in Tartu,Tartu
9152,9,The Song Celebration Museum,Tartu
9160,9,A. Le Coq Beer Museum,Tartu
9213,9,Natural History Museum of the University of Tartu,Tartu
9225,9,The University of Tartu Museum,Tartu
9254,9,The Oskar Luts House Museum,Tartu
12768,10,The Ice Age Centre,Äksi
12790,10,The Kehra Museum,Kehra
12821,10,Värska visitor centre (General Reek&#8217;s House),Värska
12839,10,The Kondas Centre,Viljandi
12926,10,The Museum of Coastal Folk,Pringi
19116,10,Ants Laikmaa Museum,Kadarpiku
21178,10,Iisaku Parish Museum,Iisaku
24647,10,Heimtali Museum,Heimtali
26826,10,Mulgi Experience Center(Closed in October),Helme
30097,10,Kolkja Museum of Old Believers,Kolkja
30268,10,Ruhnu Museum,Ruhnu
31247,10,Audru Museum,Audru
31271,10,Sagadi Forest Museum,Sagadi
31475,10,Mahtra Peasantry Museum,Juuru
31485,10,"Rehbinder House(temporarily closed, reopening on 20 January 2026)",Sõmeru
9022,10,Long House,Kärdla
9038,10,The Kohtla-Järve Museum of Oil Shale,Kohtla-Järve
9059,10,Dr. Fr. R. Kreutzwald Memorial Museum,Antsla
9063,10,Museum of Viljandi,Viljandi
9081,10,The Juhan Liiv Museum,Rupsi
9104,10,Mart Saar Museum,Karjasoo
9122,10,The Mõniste Rural Life Museum,Kuutsi
9136,10,Kihnu Museum,Linaküla
9146,10,Saatse Museum,Samarina
9173,10,Rakvere Town Citizen’s Home Museum,Rakvere
9181,10,The Viimsi Open Air Museum,Pringi
9189,10,The Kassari Museum House,Kassari village
9233,10,The Valga Museum,Valga
9239,10,Karilatsi Open Air Museum,Karilatsi
9260,10,Harju County Museum,Keila
