museum_id,name,url,location,city,latitude,longitude,image_url,image_alt,page
12727,The Heavy Artillery Hall of the Estonian War Museum,https://muuseumikaart.ee/en/museums/the-heavy-artillery-hall-of-the-estonian-war-museum/,"Vehema tee 1a, Viimsi",Viimsi,59.50300589999999,24.8409609,https://muuseumikaart.ee/wp-content/uploads/fly-images/15854/PXL_20220909_092151327-sandra-scaled-290x150-c.jpg,PXL_20220909_092151327 sandra,9
12735,The Under and Tuglas Literature Centre of the Estonian Academy of Sciences,https://muuseumikaart.ee/en/museums/eesti-teaduste-akadeemia-underi-ja-tuglase-kirjanduskeskus/,"Väikese Illimari 12, Tallinn",Tallinn,59.38744630000001,24.7148459,https://muuseumikaart.ee/wp-content/uploads/fly-images/16896/Talivee_Elle-Mari-scaled-290x150-c.jpg,Talivee_Elle-Mari,11
12768,The Ice Age Centre,https://muuseumikaart.ee/en/museums/the-ice-age-centre/,"Saadjärve 20, Äksi, Tartumaa",Äksi,58.5257051,26.6761841,https://muuseumikaart.ee/wp-content/uploads/fly-images/16605/JK_mammut_KBeljaev-scaled-290x150-c.jpg,JK_mammut_KBeljaev,9
12771,The Kai Art Center,https://muuseumikaart.ee/en/museums/kai-art-center/,"Peetri 12, Tallinn",Tallinn,59.4522242,24.7304143,https://muuseumikaart.ee/wp-content/uploads/fly-images/15860/Kai-kunstikeskus_Foto_Evert-Palmets-290x150-c.jpg,Evert Palmets,9
12790,The Kehra Museum,https://muuseumikaart.ee/en/museums/kehra-museum/,"Raudtee 7, Kehra, Harjumaa",Kehra,59.33730070000001,25.3332436,https://muuseumikaart.ee/wp-content/uploads/fly-images/15811/Kehra-ajaloo-ekspositsioon_1.-Anne-Tanne-foto-scaled-290x150-c.jpg,Kehra ajaloo ekspositsioon_1. Anne Tanne foto,9
12796,KGB Prison Cells in Tallinn,https://muuseumikaart.ee/en/museums/kgb-prison-cells-in-tallinn/,"Pagari 1, Tallinn",Tallinn,59.4399192,24.7458629,https://muuseumikaart.ee/wp-content/uploads/fly-images/34768/Aron-Urb-3-290x150-c.jpg,Aron Urb,5
12821,Värska visitor centre (General Reek&#8217;s House),https://muuseumikaart.ee/en/museums/kindral-reegi-maja/,"Pikk 29, Värska, Võrumaa",Värska,57.94825840000001,27.6449094,https://muuseumikaart.ee/wp-content/uploads/fly-images/20638/General-Reeks-House_Reigo-Teervalt-scaled-290x150-c.jpg,General-Reeks-House_Reigo-Teervalt,11
12839,The Kondas Centre,https://muuseumikaart.ee/en/museums/the-kondas-centre/,"Pikk 8, Viljandi",Viljandi,58.36184469999999,25.5975164,https://muuseumikaart.ee/wp-content/uploads/fly-images/16318/Maasikasoojad_Foto-Herki_Helves-290x150-c.jpg,16.tif,9
12874,The Vabamu Museum of Occupations and Freedom,https://muuseumikaart.ee/en/museums/the-vabamu-museum-of-occupations-and-freedom/,"Toompea 8b, Tallinn",Tallinn,59.4325938,24.7392332,https://muuseumikaart.ee/wp-content/uploads/fly-images/15887/Aimar-Anderson2-290x150-c.jpg,Aimar Anderson2,11
12921,The PROTO Invention Factory,https://muuseumikaart.ee/en/museums/proto-invention-factory/,"Peetri 10, Tallinn",Tallinn,59.45150109999999,24.7305264,https://muuseumikaart.ee/wp-content/uploads/fly-images/15991/22JJ1031_044-290x150-c.jpg,22JJ1031_044,10
12926,The Museum of Coastal Folk,https://muuseumikaart.ee/en/museums/museum-of-coastal-folk/,"Nurme tee 3, Pringi, Viimsi vald, Harjumaa",Pringi,59.5211662,24.8080126,https://muuseumikaart.ee/wp-content/uploads/fly-images/21592/RannarahvaSUUR-290x150-c.jpg,RannarahvaSUUR,10
13038,The Old Observatory,https://muuseumikaart.ee/en/museums/the-tartu-observatory/,"Uppsala 8, Tartu",Tartu,58.3788109,26.7200913,https://muuseumikaart.ee/wp-content/uploads/fly-images/16392/Tahetorn_2_Angelina-Pjatkovskaja-1-scaled-290x150-c.jpg,Angelina Pjatkovskaja,10
14252,The Tallinn Art Hall Lasnamäe Pavilion,https://muuseumikaart.ee/en/museums/kunstihoone-lasnamae-paviljon/,"Jaan Koorti 24, Tallinn",Tallinn,59.44027289999999,24.8314748,https://muuseumikaart.ee/wp-content/uploads/fly-images/16940/Tallinna-Kunstihoone_valisfassaa_Foto-Tonu-Tunnel-290x150-c.jpg,Tõnu Tunnel,10
14285,Peter the Great’s House,https://muuseumikaart.ee/en/museums/peeter-i-maja/,"Mäekalda 2, Tallinn",Tallinn,59.43763380000001,24.7962377,https://muuseumikaart.ee/wp-content/uploads/fly-images/21839/KYT1021-scaled-290x150-c.jpg,_KYT1021,7
14327,TYPA Printing and Paper Arts Centre,https://muuseumikaart.ee/en/museums/typa-truki-ja-paberikunstikeskus/,"Kastani 48f, Tartu",Tartu,58.36963600000001,26.7178263,https://muuseumikaart.ee/wp-content/uploads/fly-images/21633/Artist-working-on-Hohner-Photo-Mana-Kaasik-scaled-290x150-c.jpg,Artist working on Hohner - Photo Mana Kaasik,11
14433,Botanical Garden of the University of Tartu,https://muuseumikaart.ee/en/museums/tartu-ulikooli-botaanikaaed/,"Lai 38, Tartu",Tartu,58.3842448,26.7222224,https://muuseumikaart.ee/wp-content/uploads/fly-images/16201/BA_KarinPai-290x150-c.jpg,Karin Pai,2
14456,Maarjamäe Palace,https://muuseumikaart.ee/en/museums/maarjamae-palace/,"Pirita tee 56, Tallinn",Tallinn,59.4539777,24.8121008,https://muuseumikaart.ee/wp-content/uploads/fly-images/14447/MM-loss_2017-vahur-290x150-c.jpg,MM loss_2017 vahur,5
14475,Film Museum,https://muuseumikaart.ee/en/museums/film-museum/,"Pirita tee 56, Tallinn",Tallinn,59.4539777,24.8121008,https://muuseumikaart.ee/wp-content/uploads/fly-images/6686/9ad1e819426e7af647afe47b09bcb2d1-290x150-c.jpg,,4
14524,Estonian Theatre and Music Museum,https://muuseumikaart.ee/en/museums/estonian-theatre-and-music-museum/,"Müürivahe 12, Tallinn",Tallinn,59.43485620000001,24.7451405,https://muuseumikaart.ee/wp-content/uploads/fly-images/30595/TMM-Poorased-lood_1-290x150-c.jpg,TMM Pöörased lood_1,4
14536,The Great Guild Hall,https://muuseumikaart.ee/en/museums/the-great-guild-hall/,"Pikk 17, Tallinn",Tallinn,59.4384381,24.744955,https://muuseumikaart.ee/wp-content/uploads/fly-images/16337/Eriliste-asjade-ekspo_huge-290x150-c.png,Eriliste asjade ekspo_huge,8
15044,Juhan Kuus Documentary Photo Centre,https://muuseumikaart.ee/en/museums/juhan-kuusi-dokfoto-keskus/,"Telliskivi 60a-5, Tallinn",Tallinn,59.4382573,24.7292705,https://muuseumikaart.ee/wp-content/uploads/fly-images/15428/Juhan-Kuusi-dokfoto-keskus-Sisevaade_1_autor_Peeter_Langovits-scaled-290x150-c.jpg,Juhan Kuusi dokfoto keskus Sisevaade_1_autor_Peeter_Langovits,4
15570,Palmse Manor,https://muuseumikaart.ee/en/museums/palmse-manor-2/,"Palmse, Lääne-Viru County",Palmse,59.51441899999999,25.9446553,https://muuseumikaart.ee/wp-content/uploads/fly-images/15653/Kaspar_Pokk_Palmse_2-1-scaled-290x150-c.jpg,Kaspar_Pokk_Palmse_2,7
19116,Ants Laikmaa Museum,https://muuseumikaart.ee/en/museums/ants-laikmaa-museum/,"Kadarpiku, Lääne-Nigula vald, Läänemaa",Kadarpiku,58.9601757,23.7172558,https://muuseumikaart.ee/wp-content/uploads/fly-images/19195/Ants-Laikmaa-muuseum_Hele-Lepik-scaled-290x150-c.jpeg,Ants Laikmaa muuseum_Hele Lepik,2
19325,Haapsalu Town Hall,https://muuseumikaart.ee/en/museums/haapsalu-town-hall-2/,"Kooli 2, Haapsalu",Haapsalu,58.9487513,23.5407257,https://muuseumikaart.ee/wp-content/uploads/fly-images/19227/Raekoda_Britta-Sool-scaled-290x150-c.jpg,Britta Sool,4
19341,Kiek in de Kök Fortification Museum,https://muuseumikaart.ee/en/museums/kiek-in-de-kok-museum-and-bastion-tunnels-2/,"Komandandi tee 2, Tallinn",Tallinn,59.434689,24.741153,https://muuseumikaart.ee/wp-content/uploads/fly-images/19252/KOK-vaade-scaled-290x150-c.jpg,KÖK vaade,5
19479,Mati Unt Museum,https://muuseumikaart.ee/en/museums/mati-unt-museum/,"Koidula 17, Tallinn",Tallinn,59.43696079999999,24.7535746,https://muuseumikaart.ee/wp-content/uploads/fly-images/34689/Unt-ekspo-38-scaled-290x150-c.jpg,Raido Pedak,6
19483,Tammsaare’s Apartment-Museum in Tallinn,https://muuseumikaart.ee/en/museums/tammsaares-apartment-museum-in-tallinn/,"Koidula 12a, Tallinn",Tallinn,59.43696079999999,24.7535746,https://muuseumikaart.ee/wp-content/uploads/fly-images/21867/20190418_094202-1-290x150-c.jpg,20190418_094202,8
19487,Eduard Vilde Museum,https://muuseumikaart.ee/en/museums/eduard-vilde-museum/,"Roheline aas 3, Tallinn",Tallinn,59.4364783,24.7853353,https://muuseumikaart.ee/wp-content/uploads/fly-images/21612/Autor_-Gabriela-Liivamagi-scaled-290x150-c.jpg,Autor_ Gabriela Liivamägi,3
19491,MOMU Motorsports Museum(temporarily closed),https://muuseumikaart.ee/en/museums/momu-motorsports-museum/,"Tööstuse 3, Turba",Turba,59.0783491,24.2415787,https://muuseumikaart.ee/wp-content/uploads/fly-images/21109/MOMU_5_autor_Karli_Saul-scaled-290x150-c.jpg,MOMU_5_autor_Karli_Saul,6
19495,The Wittenstein Time Center,https://muuseumikaart.ee/en/museums/the-wittenstein-time-center/,"Veski 11, Paide",Paide,58.8893642,25.5721908,https://muuseumikaart.ee/wp-content/uploads/fly-images/18543/190585837_174366631299220_3942364359672659400_n-290x150-c.jpg,190585837_174366631299220_3942364359672659400_n,11
19499,The Wittenstein Activity Center,https://muuseumikaart.ee/en/museums/the-wittenstein-activity-center/,"Tallinna mnt 9/11, Paide",Paide,58.888735,25.5696186,https://muuseumikaart.ee/wp-content/uploads/fly-images/18519/Tegevusmuuseum-apteek-scaled-290x150-c.jpg,Tegevusmuuseum apteek,11
19625,Adamson-Eric Museum,https://muuseumikaart.ee/en/museums/adamson-eric-museum/,"Lühike jalg 3, Tallinn",Tallinn,59.436317,24.7418953,https://muuseumikaart.ee/wp-content/uploads/fly-images/22461/Adamson-Eric-Museum-2021-290x150-c.jpg,Adamson-Eric Museum 2021,2
19641,Kadriorg Art Museum,https://muuseumikaart.ee/en/museums/kadriorg-art-museum/,"Weizenbergi 37, Tallinn",Tallinn,59.438495,24.7909947,https://muuseumikaart.ee/wp-content/uploads/fly-images/22479/Endel-Apsalon-DSC_8486-290x150-c.jpg,Endel Apsalon,4
19644,Kumu Art Museum,https://muuseumikaart.ee/en/museums/kumu-art-museum/,"Weizenbergi 34 / Valge 1, Tallinn",Tallinn,59.43621710000001,24.7962019,https://muuseumikaart.ee/wp-content/uploads/fly-images/20844/Kumu1_HelenMelesk_-290x150-c.jpg,Helen Melesk,5
19680,Mikkel Museum,https://muuseumikaart.ee/en/museums/mikkel-museum/,"Weizenbergi 28, Tallinn",Tallinn,59.4374824,24.7914038,https://muuseumikaart.ee/wp-content/uploads/fly-images/20899/Mikkeli1_Stanislav_stepasko_v_-290x150-c.jpg,Mikkeli1_Stanislav_stepaško_v_,6
19704,Gallery Seek,https://muuseumikaart.ee/en/museums/gallery-seek/,"Väike-Pääsukese 5, Tallinn",Tallinn,59.43343540000001,24.7603895,https://muuseumikaart.ee/wp-content/uploads/fly-images/31867/PAISESSEseek_Meeli_Kuttim-scaled-290x150-c.jpg,Seeki eestvaade,4
20323,Children&#8217;s Museum Miiamilla,https://muuseumikaart.ee/en/museums/children-museum-miiamilla-closed-until-jan-2024/,"L. Koidula 21c, Tallinn",Tallinn,59.43667960000001,24.7894089,https://muuseumikaart.ee/wp-content/uploads/fly-images/20296/keskkonnaharidus_janek_toomikas-290x150-c.jpg,keskkonnaharidus_janek_toomikas,2
21129,Museum of Photography,https://muuseumikaart.ee/en/museums/photo-museum-2/,"Raekoja 6, Tallinn",Tallinn,59.43745789999999,24.7443396,https://muuseumikaart.ee/wp-content/uploads/fly-images/24764/20230605_0372-scaled-290x150-c.jpg,Karli Saul,6
21178,Iisaku Parish Museum,https://muuseumikaart.ee/en/museums/iisaku-museum/,"Tartu mnt 58/49, Iisaku alevik, Ida-Virumaa",Iisaku,59.09676090000001,27.3127295,https://muuseumikaart.ee/wp-content/uploads/fly-images/21156/Iisakumuseum_pruutkleitidenaitus_Ida-Viru_Hetkeline1_-1-290x150-c.jpg,Iisaku+museum_pruutkleitide+naitus_Ida-Viru_Hetkeline(1)_,4
21459,Haapsalu Castle,https://muuseumikaart.ee/en/museums/haapsalu-castle/,"Lossiplats 3, Haapsalu",Haapsalu,58.94758949999999,23.5388273,https://muuseumikaart.ee/wp-content/uploads/fly-images/21436/Castle-Haapsalu-visit-estonia_-290x150-c.jpg,Castle-Haapsalu-visit-estonia_,4
21656,Mihkli Farm Museum in Saaremaa,https://muuseumikaart.ee/en/museums/mihkli-farm-museum-in-saaremaa/,"Viki, Saaremaa",Viki,58.332687,22.0989813,https://muuseumikaart.ee/wp-content/uploads/fly-images/21398/Mihkli_TM_hoov_pildistas_Kristi_Hints-290x150-c.jpg,Mihkli_TM_hoov_pildistas_Kristi_Hints,6
24647,Heimtali Museum,https://muuseumikaart.ee/en/museums/heimtali-museum/,"Heimtali, Viljandimaa",Heimtali,58.32507,25.5032264,https://muuseumikaart.ee/wp-content/uploads/fly-images/24548/Anu-Raud.-Foto-Anu-Ansu-290x150-c.jpg,Anu Raud. Foto Anu Ansu,4
25373,Estonian Bicycle Museum,https://muuseumikaart.ee/en/museums/estonian-bicycle-museum/,"Pikk 9, Väätsa, Järvamaa",Väätsa,58.89647100000001,25.452759,https://muuseumikaart.ee/wp-content/uploads/fly-images/25339/miele-290x150-c.jpg,miele,3
26826,Mulgi Experience Center(Closed in October),https://muuseumikaart.ee/en/museums/mulgi-elamuskeskus/,"Sooglemäe, Valgamaa",Helme,57.9977822,25.6828584,https://muuseumikaart.ee/wp-content/uploads/fly-images/26808/Kaabu_paike-scaled-290x150-c.jpg,Kaabu_päike,6
27315,Pernova Nature House,https://muuseumikaart.ee/en/museums/pernova-nature-house/,"A. H. Tammsaare pst 57, Pärnu",Pärnu,58.37544389999999,24.531194,https://muuseumikaart.ee/wp-content/uploads/fly-images/27303/kerakino-planetaarium-290x150-c.jpg,kerakino-planetaarium,7
29971,The Banned Books Museum,https://muuseumikaart.ee/en/museums/the-banned-books-museum/,"Munga 2, Tallinn",Tallinn,59.4382982,24.7483819,https://muuseumikaart.ee/wp-content/uploads/fly-images/29924/GPF09334-scaled-290x150-c.jpg,Joseph Dunnigan,8
30097,Kolkja Museum of Old Believers,https://muuseumikaart.ee/en/museums/kolkja-museum-of-old-believers/,"Ranna 12, Kolkja",Kolkja,58.5487015,27.2214442,https://muuseumikaart.ee/wp-content/uploads/fly-images/30085/Kolkja-vanausuliste-muuseum-10-Ahto-Sooaru_Sibulatee-scaled-290x150-c.jpg,Ahto Sooaru,5
30268,Ruhnu Museum,https://muuseumikaart.ee/en/museums/ruhnu-museum/,Ruhnu island,Ruhnu,57.805148,23.2460512,https://muuseumikaart.ee/wp-content/uploads/fly-images/30242/4.-Korsi-taluou-290x150-c.jpg,4. Korsi taluõu,7
30897,Pokuland,https://muuseumikaart.ee/en/museums/pokuland/,"Padasoomäe, Urvaste, Võrumaa",Urvaste,57.91934670000001,26.5862263,https://muuseumikaart.ee/wp-content/uploads/fly-images/30891/Pokumaa1-290x150-c.jpg,Pokumaa1,7
31247,Audru Museum,https://muuseumikaart.ee/en/museums/audru-museum/,"Pärna allee 14, Audru, Pärnumaa",Audru,58.4081255,24.3575535,https://muuseumikaart.ee/wp-content/uploads/fly-images/31226/IMG-4054-scaled-290x150-c.jpg,IMG-4054,2
31271,Sagadi Forest Museum,https://muuseumikaart.ee/en/museums/sagadi-forest-museum/,"Sagadi, Lääne-Viru County",Sagadi,59.5423437,26.0462628,https://muuseumikaart.ee/wp-content/uploads/fly-images/31263/Tarmo-Haud-DJI_0696_1-scaled-290x150-c.jpg,Tarmo Haud,7
31335,The Art Gallery of the Narva Museum,https://muuseumikaart.ee/en/museums/the-art-gallery-of-the-narva-museum/,"Vestervalli 21, Narva",Narva,59.38250139999999,28.1964385,https://muuseumikaart.ee/wp-content/uploads/fly-images/31326/DSC07525-scaled-290x150-c.jpg,DSC07525,8
31475,Mahtra Peasantry Museum,https://muuseumikaart.ee/en/museums/mahtra-peasantry-museum/,"Muuseumi 1, Juuru, Raplamaa",Juuru,59.05622049999999,24.9633944,https://muuseumikaart.ee/wp-content/uploads/fly-images/31459/Pusinaitus4-scaled-290x150-c.jpg,Püsinäitus4,5
31485,"Rehbinder House(temporarily closed, reopening on 20 January 2026)",https://muuseumikaart.ee/en/museums/rehbinder-house/,"Tallinna 5, Rakvere",Sõmeru,59.3657725,26.4329199,https://muuseumikaart.ee/wp-content/uploads/fly-images/31499/detail-ampiirajastu-maketist-290x150-c.jpg,detail ampiirajastu maketist,7
31644,Virtual Time Travel Experience &#8220;VR Tallinn 1939/44&#8243;(Closed in January 2026),https://muuseumikaart.ee/en/museums/virtual-time-travel-experience-vr-tallinn-1939-44/,"In the tunnel, Vabaduse väljak 9, 10142 Tallinn",Tallinn,59.4336232,24.7440994,https://muuseumikaart.ee/wp-content/uploads/fly-images/31635/time-portal-VR-Tallinn-1939_44-attraction-history-visit-estonia-scaled-290x150-c.jpg,time-portal-VR Tallinn 1939_44-attraction-history-visit-estonia,11
31648,Virtual Time Travel Experience &#8220;VR Toila 1938&#8221;,https://muuseumikaart.ee/en/museums/virtual-time-travel-experience-vr-toila-1938/,"Oru park, Lossiplatsi 3, Pühajõe, 41716 Ida-Viru maakond",Pühajõe,59.4227374,27.5319934,https://muuseumikaart.ee/wp-content/uploads/fly-images/31597/Best-new-adventure-2021_Blueray-scaled-290x150-c.jpg,Best new adventure 2021_Blueray,12
31888,The House Museum of Johannes and Joosep Aavik,https://muuseumikaart.ee/en/museums/the-house-museum-of-johannes-and-joosep-aavik/,"Vallimaa 7, Kuressaare",Kuressaare,58.25769709999999,22.4842973,https://muuseumikaart.ee/wp-content/uploads/fly-images/31892/PXL_20240409_154416998-scaled-290x150-c.jpg,PXL_20240409_154416998,9
33288,Energy Discovery Center,https://muuseumikaart.ee/en/museums/energy-discovery-center-and-planetarium/,"Põhja pst 29, Tallinn",Tallinn,59.4440932,24.7494072,https://muuseumikaart.ee/wp-content/uploads/fly-images/33398/5-juuksed-pusti-3-scaled-290x150-c.jpg,5 juuksed püsti 3,3
33316,Nõmme Museum,https://muuseumikaart.ee/en/museums/nomme-museum/,"Jaama 18, Tallinn",Tallinn,59.38629189999999,24.6860849,https://muuseumikaart.ee/wp-content/uploads/fly-images/33311/Nomme-muuseum-esikaanele-scaled-290x150-c.jpg,Nõmme muuseum esikaanele,6
34174,Padise Monastery Visitor Centre,https://muuseumikaart.ee/en/museums/padise-monastery-visitor-centre/,"Padise, Harjumaa",Padise,59.2201228,24.1357627,https://muuseumikaart.ee/wp-content/uploads/fly-images/34118/@Ilme-Parik10-scaled-290x150-c.jpg,@Ilme Parik10,7
34195,Tartu Art House,https://muuseumikaart.ee/en/museums/tartu-art-house/,"Vanemuise 26, Tartu",Tartu,58.3753177,26.7209217,https://muuseumikaart.ee/wp-content/uploads/fly-images/34182/489433524_1231491702312142_48452872219319471_n-290x150-c.jpg,Jürgen Vainola,8
8814,Tori Horse Breeding Farm Museum,https://muuseumikaart.ee/en/museums/tori-horse-breeding-farm-museum/,"Pärnu mnt 8a, Tori, Pärnumaa",Tori,58.4808568,24.8108909,https://muuseumikaart.ee/wp-content/uploads/fly-images/16851/tori-2-1-290x150-c.png,tori-2,11
8827,Tallinn Museum of Orders of Knighthood,https://muuseumikaart.ee/en/museums/tallinn-museum-of-orders-of-knighthood/,"Kuninga 3, Tallinn",Tallinn,59.43600639999999,24.744905,https://muuseumikaart.ee/wp-content/uploads/fly-images/973/1b540b9a580ed4b17bff371925521425-290x150-c.jpg,,8
8853,The Red Tower,https://muuseumikaart.ee/en/museums/the-red-tower/,"Hommiku 11, Pärnu",Pärnu,58.3850512,24.5027794,https://muuseumikaart.ee/wp-content/uploads/fly-images/883/b5816971aa95f3c58f42adfc9c22c415-290x150-c.jpg,,10
8869,Estonian Police Museum,https://muuseumikaart.ee/en/museums/estonian-police-museum/,"Tallinna 3, Rakvere, Lääne-Virumaa",,59.39790269999999,26.3758964,https://muuseumikaart.ee/wp-content/uploads/fly-images/1062/408eab08f9ef4ae7290ef264f7a7e639-290x150-c.jpg,,3
8873,The People’s Museum of Tallinn,https://muuseumikaart.ee/en/museums/tallinn-peoples-museum/,"Pikk 29a, Tallinn",Tallinn,59.4389335,24.7461296,https://muuseumikaart.ee/wp-content/uploads/fly-images/21570/Naise_j6ud_MeeliKyttim-114-scaled-290x150-c.jpg,Naise_j6ud_MeeliKyttim (114),10
8890,Contemporary Art Museum of Estonia,https://muuseumikaart.ee/en/museums/contemporary-art-museum-of-estonia/,"Kursi 5, Tallinn",Tallinn,59.445043,24.7512944,https://muuseumikaart.ee/wp-content/uploads/fly-images/1109/e586764208532444df0cc01106d8d717-290x150-c.jpg,,2
8906,Estonian National Museum,https://muuseumikaart.ee/en/museums/estonian-national-museum/,"Muuseumi tee 2, Tartu",Tartu,58.3953848,26.7445477,https://muuseumikaart.ee/wp-content/uploads/fly-images/20357/ak0233-1-290x150-c.jpg,ak0233,3
8914,Computer Museum,https://muuseumikaart.ee/en/museums/computer-museum/,"Tuuliku tee 4c, Tallinn",Tallinn,59.41985620000001,24.6777753,https://muuseumikaart.ee/wp-content/uploads/fly-images/16381/NB_MAIN_PHOTO_-_author_ARVUTIMUUSEUM-scaled-290x150-c.jpg,NB_MAIN_PHOTO_-_author_ARVUTIMUUSEUM,2
8930,Amandus Adamson Studio Museum,https://muuseumikaart.ee/en/museums/amandus-adamson-studio-museum/,"A. Adamsoni 3, Paldiski",Paldiski,59.3498839,24.0608152,https://muuseumikaart.ee/wp-content/uploads/fly-images/6710/749e281d1266ec4ab5f7530ab0e88ecf-290x150-c.jpg,,2
8936,Estonian Road Museum,https://muuseumikaart.ee/en/museums/estonian-road-museum/,"Varbuse, Kanepi vald, Põlvamaa",Varbuse,58.0293336,26.913612,https://muuseumikaart.ee/wp-content/uploads/fly-images/19533/maanteemuuseum-DSC_0232foto_Ulle-Jukk-scaled-290x150-c.jpg,maanteemuuseum-DSC_0232foto_Ülle Jukk,3
8984,Estonian Health Museum,https://muuseumikaart.ee/en/museums/estonian-health-museum/,"Lai 28/30, Tallinn",Tallinn,59.43938499999999,24.745419,https://muuseumikaart.ee/wp-content/uploads/fly-images/1315/56d957332799e4a75854805ea99d3ee2-290x150-c.jpg,,3
8990,The Tartu Art Museum,https://muuseumikaart.ee/en/museums/tartu-art-museum/,"Raekoja plats 18, Tartu",Tartu,58.3807808,26.7242094,https://muuseumikaart.ee/wp-content/uploads/fly-images/7270/c0f6ebdeb794b968d9115ed205c0fdd4-290x150-c.jpg,,10
9012,19th Century Tartu Citizen’s Museum,https://muuseumikaart.ee/en/museums/19th-century-tartu-citizens-museum/,"Jaani 16, Tartu",Tartu,58.382897,26.7188275,https://muuseumikaart.ee/wp-content/uploads/fly-images/21798/65_Tartu-Linnaajaloo-Muuseumid-autor-Mikko-Leo-Selg-1-scaled-290x150-c.jpg,65_Tartu Linnaajaloo Muuseumid (autor Mikko Leo Selg),2
9022,Long House,https://muuseumikaart.ee/en/museums/long-house-of-the-hiiumaa-museum/,"Vabrikuväljak 8, Kärdla, Hiiumaa",Kärdla,59.0041221,22.7463384,https://muuseumikaart.ee/wp-content/uploads/fly-images/7504/a1452b80c869cc7892bb5283659d2d4d-290x150-c.jpg,Hiiumaa Muuseumi Pikk Maja,5
9030,Kalamaja Museum,https://muuseumikaart.ee/en/museums/kalamaja-museum/,"Kotzebue 16, Tallinn",Tallinn,59.4428375,24.7368845,https://muuseumikaart.ee/wp-content/uploads/fly-images/20176/Vaade-Kalamaja-muuseumi-ekspositsiooni-290x150-c.jpg,Vaade Kalamaja muuseumi ekspositsiooni,5
9038,The Kohtla-Järve Museum of Oil Shale,https://muuseumikaart.ee/en/museums/kohtla-jarve-oil-shale-museum/,"Tuuslari 22, Kohtla-Järve, Ida-Virumaa",Kohtla-Järve,59.40067269999999,27.2878231,https://muuseumikaart.ee/wp-content/uploads/fly-images/356/108eeec647840b4bbbfe64663416abfe-290x150-c.jpg,Kohtla-Järve Põlevkivimuuseum,9
9042,The Railway and Communications Museum,https://muuseumikaart.ee/en/museums/railway-and-communications-museum/,"Raudtee 2, Haapsalu",Haapsalu,58.93836580000001,23.5320455,https://muuseumikaart.ee/wp-content/uploads/fly-images/364/d8404d8bbdd8507044de39431836e135-290x150-c.jpg,,10
9052,Estonian Dairy Museum,https://muuseumikaart.ee/en/museums/estonian-dairy-museum/,"H. Rebase tee 1, Imavere küla, Järvamaa",Imavere,58.73354570000001,25.7665936,https://muuseumikaart.ee/wp-content/uploads/fly-images/17211/51255710054_ed5be69068_o-scaled-290x150-c.jpg,51255710054_ed5be69068_o,3
9059,Dr. Fr. R. Kreutzwald Memorial Museum,https://muuseumikaart.ee/en/museums/dr-fr-r-kreutzwald-memorial-museum/,"F. R. Kreutzwaldi 31, Võru",Antsla,57.83295690000001,26.5380638,https://muuseumikaart.ee/wp-content/uploads/fly-images/7843/4d08b26fce87d7e65bb8c3c251ada56e-290x150-c.jpg,,2
9063,Museum of Viljandi,https://muuseumikaart.ee/en/museums/museum-of-viljandi/,"J. Laidoneri plats 10, Viljandi",Viljandi,58.36312579999999,25.6000619,https://muuseumikaart.ee/wp-content/uploads/fly-images/7909/46da4556db19c81629f177e5d712b675-290x150-c.jpg,,6
9069,Estonian Applied Art and Design Museum,https://muuseumikaart.ee/en/museums/estonian-applied-art-and-design-museum/,"Lai 17, Tallinn",Tallinn,59.4397399,24.745001,https://muuseumikaart.ee/wp-content/uploads/fly-images/21714/ETDM_Juta-Lember-tool-1975-scaled-290x150-c.jpg,ETDM_Juta Lember tool 1975,3
9075,The Värska Farm Museum,https://muuseumikaart.ee/en/museums/varska-farm-museum/,"Pikk 56/2, Värska",Värska,57.94216849999999,27.6517536,https://muuseumikaart.ee/wp-content/uploads/fly-images/20614/Varska-Farm-Museum2-290x150-c.jpg,Värska-Farm-Museum2,11
9081,The Juhan Liiv Museum,https://muuseumikaart.ee/en/museums/juhan-liiv-museum/,"Rupsi, Peipsiääre vald, Tartumaa",Rupsi,58.5686151,27.1320269,https://muuseumikaart.ee/wp-content/uploads/fly-images/443/1d5e757f8fb1a71981046011cde6c713-290x150-c.jpg,,9
9101,Estonian Sports and Olympic Museum,https://muuseumikaart.ee/en/museums/estonian-sports-and-olympic-museum/,"Rüütli 15, Tartu",Tartu,58.38241079999999,26.7213909,https://muuseumikaart.ee/wp-content/uploads/fly-images/483/e042d070a18a867fe9ddf78ac839a601-290x150-c.jpg,,4
9104,Mart Saar Museum,https://muuseumikaart.ee/en/museums/mart-saar-museum/,"Hüpassaare, Põhja-Sakala vald, Viljandimaa",Karjasoo,58.5280245,25.27036,https://muuseumikaart.ee/wp-content/uploads/fly-images/490/d8407a2d4b9ec63aea9d9f6986142298-290x150-c.jpg,,5
9110,The Estonian Museum of Natural History,https://muuseumikaart.ee/en/museums/estonian-museum-of-natural-history/,"Lai 29a, Tallinn",Tallinn,59.4406846,24.745527,https://muuseumikaart.ee/wp-content/uploads/fly-images/19380/visualista.ee_Loodusmuuseum_02_0034_3500-scaled-290x150-c.jpg,visualista.ee_Loodusmuuseum_02_0034_3500,8
9116,Estonian War Museum,https://muuseumikaart.ee/en/museums/estonian-war-museum/,"Mõisa tee 1, Viimsi, Harjumaa",Viimsi,59.50149459999999,24.8345586,https://muuseumikaart.ee/wp-content/uploads/fly-images/19423/IMG-20220228-WA0001-1-290x150-c.jpg,IMG-20220228-WA0001,4
9118,Tartu City Museum,https://muuseumikaart.ee/en/museums/tartu-city-museum/,"Narva mnt 23, Tartu",Tartu,58.38199400000001,26.7289019,https://muuseumikaart.ee/wp-content/uploads/fly-images/30693/24_04_24_Naituse-Peedist-pesumasin-avamine_Tartu-Linnamuuseum_Piltnik-Kart_veb-024-290x150-c.jpg,24_04_24_Näituse Peedist pesumasin avamine_Tartu Linnamuuseum_Piltnik Kärt_veb-024,8
9120,Palamuse O. Luts’s Parish School Museum,https://muuseumikaart.ee/en/museums/palamuse-school-museum/,"Köstri allee 3, Palamuse, Jõgevamaa",Palamuse,58.6831974,26.58298,https://muuseumikaart.ee/wp-content/uploads/fly-images/20973/672d6b630ac153171614014a82c8b59d-1320x743-SUUR-290x150-c.jpg,672d6b630ac153171614014a82c8b59d-1320x743 SUUR,7
9122,The Mõniste Rural Life Museum,https://muuseumikaart.ee/en/museums/the-moniste-rural-life-museum/,"Kuutsi, Rõuge vald, Võrumaa",Kuutsi,57.5941882,26.5627239,https://muuseumikaart.ee/wp-content/uploads/fly-images/23435/Moniste-atraktsioonid-varskes-ohus-erakogu-scaled-290x150-c.jpg,"Mõniste, atraktsioonid värskes õhus, erakogu",9
9124,The Museum and Visitor Centre of Fat Margaret,https://muuseumikaart.ee/en/museums/museum-and-visitor-centre-of-fat-margaret-estonian-maritime-museum/,"Pikk 70, Tallinn",Tallinn,59.44249689999999,24.749255,https://muuseumikaart.ee/wp-content/uploads/fly-images/530/94bd30de265bc4a56ba4ba2872d65937-290x150-c.jpg,,10
9128,A. H. Tammsaare Museum in Vargamäe,https://muuseumikaart.ee/en/museums/a-h-tammsaare-museum-in-vargamae/,"Tammsaare-Põhja talu, Vetepere, Järvamaa",Vetepere,59.1123069,25.5893716,https://muuseumikaart.ee/wp-content/uploads/fly-images/4995/27a164dbe79f4c2d7f999c7793e6658e-290x150-c.jpg,A.H. Tammsaare muuseum Vargamäel,2
9132,Tartu Toy Museum,https://muuseumikaart.ee/en/museums/tartu-toy-museum/,"Lutsu 8, Tartu",Tartu,58.3815821,26.7235803,https://muuseumikaart.ee/wp-content/uploads/fly-images/546/c6c74c66d6bc11ff66c9198b2f6bcfcc-290x150-c.jpg,,8
9134,KGB Cells Museum in Tartu,https://muuseumikaart.ee/en/museums/kgb-cells-museum/,"Riia 15b, Tartu",Tartu,58.3732101,26.7198909,https://muuseumikaart.ee/wp-content/uploads/fly-images/550/5887c4fe2ee1a4edbe3589ce982d88e9-290x150-c.jpg,,5
9136,Kihnu Museum,https://muuseumikaart.ee/en/museums/kihnu-museum/,"Linaküla, Kihnu vald, Pärnumaa",Linaküla,58.1310193,23.9664199,https://muuseumikaart.ee/wp-content/uploads/fly-images/5095/730c9d9dcb46c01037c3a02d02db694d-290x150-c.jpg,,5
9146,Saatse Museum,https://muuseumikaart.ee/en/museums/saatse-museum/,"Samarina, Setomaa vald, Võrumaa",Samarina,57.8863544,27.7994949,https://muuseumikaart.ee/wp-content/uploads/fly-images/17391/Saatse-Museum_Soir-Day2-290x150-c.png,Saatse-Museum_Sõir-Day2,7
9152,The Song Celebration Museum,https://muuseumikaart.ee/en/museums/song-festival-museum/,"Jaama 14, Tartu",Tartu,58.3864542,26.7325653,https://muuseumikaart.ee/wp-content/uploads/fly-images/5285/da5dcffea5bfaf3975a10afb41077b20-290x150-c.jpg,,10
9154,Museum of the Coastal Swedes,https://muuseumikaart.ee/en/museums/museum-of-the-coastal-swedes/,"Sadama 31/32, Haapsalu, Läänemaa",Haapsalu,58.9555664,23.5280219,https://muuseumikaart.ee/wp-content/uploads/fly-images/5307/a8dba65a0310f3e1e7df7395cca953b8-290x150-c.jpg,,6
9158,Estonian Open Air Museum,https://muuseumikaart.ee/en/museums/estonian-open-air-museum/,"Vabaõhumuuseumi tee 12, Tallinn",Tallinn,59.43528689999999,24.6337308,https://muuseumikaart.ee/wp-content/uploads/fly-images/17700/05D4882-scaled-290x150-c.jpg,rocca-al-mare 23.06.2005,3
9160,A. Le Coq Beer Museum,https://muuseumikaart.ee/en/museums/a-le-coq-beer-museum/,"Laulupeo pst 15, Tartu",Tartu,58.3855871,26.7070749,https://muuseumikaart.ee/wp-content/uploads/fly-images/18597/Olle-tootmine-samm-sammult_-Jaak-Janes-1-290x150-c.jpg,Õlle tootmine samm-sammult_ Jaak Jänes,2
9173,Rakvere Town Citizen’s Home Museum,https://muuseumikaart.ee/en/museums/rakvere-town-citizens-home-museum/,"Pikk 50, Rakvere, Lääne-Virumaa",Rakvere,59.3447857,26.3549313,https://muuseumikaart.ee/wp-content/uploads/fly-images/629/744e584a4c102839a221a830453bbc62-290x150-c.jpg,,7
9175,Estonian Museum of Architecture,https://muuseumikaart.ee/en/museums/estonian-museum-of-architecture/,"Ahtri 2, Tallinn",Tallinn,59.4403187,24.7562603,https://muuseumikaart.ee/wp-content/uploads/fly-images/17600/Uuri-ruumi-4-F-Liisi-Anvelt-scaled-290x150-c.jpg,Uuri ruumi 4 F Liisi Anvelt,3
9181,The Viimsi Open Air Museum,https://muuseumikaart.ee/en/museums/viimsi-open-air-museum/,"Rohuneeme tee 53a, Pringi, Viimsi vald, Harjumaa",Pringi,59.52469019999999,24.7982042,https://muuseumikaart.ee/wp-content/uploads/fly-images/144/d64d7d3b90caa587756581dd89d06d7d-290x150-c.jpg,,11
9189,The Kassari Museum House,https://muuseumikaart.ee/en/museums/kassari-exhibition-house/,"Kassari küla, Hiiumaa",Kassari village,58.7899646,22.8251612,https://muuseumikaart.ee/wp-content/uploads/fly-images/21586/4624b784840daa3aad70a972a248e871-1-290x150-c.jpg,4624b784840daa3aad70a972a248e871,9
9203,Estonian Agricultural Museum,https://muuseumikaart.ee/en/museums/estonian-agricultural-museum/,"Pargi 4, Ülenurme, Tartumaa",Ülenurme,58.3165624,26.7243878,https://muuseumikaart.ee/wp-content/uploads/fly-images/3232/6dc330be494c9d7f90ca0f209b430940-290x150-c.jpg,,3
9213,Natural History Museum of the University of Tartu,https://muuseumikaart.ee/en/museums/university-of-tartu-natural-history-museum/,"Vanemuise 46, Tartu",Tartu,58.37336680000001,26.7162646,https://muuseumikaart.ee/wp-content/uploads/fly-images/689/7c4393373efb493133de1f8ff5c6cf21-290x150-c.jpg,,6
9217,Museum of New Art in Pärnu,https://muuseumikaart.ee/en/museums/museum-of-new-art/,"Rüütli 40a, Pärnu",Pärnu,58.3916898,24.4952895,https://muuseumikaart.ee/wp-content/uploads/fly-images/20256/UueKunstiMuuseum_sisevaade_foto_Marie_Virta-290x150-c.jpg,Marie Virta,6
9221,The Carl Robert Jakobson Farm Museum,https://muuseumikaart.ee/en/museums/jakobson-farm-museum/,"Kurgja küla, Põhja-Pärnumaa vald, Pärnumaa",Kurgja,58.6632324,25.2496477,https://muuseumikaart.ee/wp-content/uploads/fly-images/712/047059e4e2b9e3bb4652b0aff5e111db-290x150-c.jpg,,8
9223,The Koidula Museum,https://muuseumikaart.ee/en/museums/the-koidula-museum/,"J. V. Jannseni 37, Pärnu",Pärnu,58.3908303,24.4849947,https://muuseumikaart.ee/wp-content/uploads/fly-images/16507/Kroonlinna-tuba_koidula_muuseum_Marie-Rosalie-Hanni-290x150-c.jpg,Kroonlinna tuba_koidula_muuseum_Marie Rosalie Hanni,9
9225,The University of Tartu Museum,https://muuseumikaart.ee/en/museums/the-university-of-tartu-museum/,"Lossi 25, Tartu",Tartu,58.38023319999999,26.7154038,https://muuseumikaart.ee/wp-content/uploads/fly-images/726/0b5acec0509f89baee83456110bfd8fc-290x150-c.jpg,,11
9229,Tallinn City Life Museum,https://muuseumikaart.ee/en/museums/tallinn-city-life-museum/,"Vene 17, Tallinn",Tallinn,59.43696079999999,24.7535746,https://muuseumikaart.ee/wp-content/uploads/fly-images/3570/f9e1fe694e10a911370acd91ebf45c89-290x150-c.jpg,,8
9231,The Rudolf Tobias House Museum,https://muuseumikaart.ee/en/museums/rudolf-tobias-house-museum/,"Selja, Hiiumaa",Selja,58.82265270000001,22.7307851,https://muuseumikaart.ee/wp-content/uploads/fly-images/18037/H2A9158-290x150-c.jpg,_H2A9158,10
9233,The Valga Museum,https://muuseumikaart.ee/en/museums/the-valga-museum/,"Vabaduse 8, Valga",Valga,57.7770516,26.0373925,https://muuseumikaart.ee/wp-content/uploads/fly-images/20414/Foto-Marju-Rebane-1-2-290x150-c.jpg,Foto Marju Rebane (1),11
9239,Karilatsi Open Air Museum,https://muuseumikaart.ee/en/museums/karilatsi-open-air-museum/,"Karilatsi, Kanepi vald, Põlvamaa",Karilatsi,58.1143298,26.9185288,https://muuseumikaart.ee/wp-content/uploads/fly-images/758/39bb2f34e94b99352602ac5ceaff5be3-290x150-c.jpg,Karilatsi vabaõhumuuseum,5
9241,The Mihkli Farm Museum in Hiiumaa,https://muuseumikaart.ee/en/museums/mihkli-farm-museum/,"Malvaste, Hiiumaa",Malvaste,59.0185138,22.5963618,https://muuseumikaart.ee/wp-content/uploads/fly-images/762/c277b680163ea95d4ee8508acc2f29ac-290x150-c.jpg,Mihkli talumuuseum,9
9244,Obinitsa  Museum,https://muuseumikaart.ee/en/museums/obinitsa-museum/,"Muuseumi 10, Obinitsa, Setomaa vald, Võrumaa",Obinitsa,57.8097469,27.4427952,https://muuseumikaart.ee/wp-content/uploads/fly-images/21356/SUUR-290x150-c.jpg,SUUR,7
9246,Museum of Puppetry Arts,https://muuseumikaart.ee/en/museums/museum-of-puppetry-arts/,"Nunne 4, Tallinn",Tallinn,59.4383967,24.7434074,https://muuseumikaart.ee/wp-content/uploads/fly-images/17235/Nukuteatrimuuseum-Foto_Mattias_Malk-2-scaled-290x150-c.jpg,Nukuteatrimuuseum Foto_Mattias_Malk (2),6
9254,The Oskar Luts House Museum,https://muuseumikaart.ee/en/museums/oskar-luts-house-museum/,"Riia 38, Tartu",Tartu,58.36864,26.7102072,https://muuseumikaart.ee/wp-content/uploads/fly-images/789/f99ef6242b6a9ce89a6b4422e0562d2d-290x150-c.jpg,,10
9260,Harju County Museum,https://muuseumikaart.ee/en/museums/harju-county-museum/,"Linnuse 9, Keila, Harjumaa",Keila,59.3039888,24.4397614,https://muuseumikaart.ee/wp-content/uploads/fly-images/3927/9b046e31e6e4c600969550d7427fe15a-290x150-c.jpg,,4
9262,Seaplane Harbour – The Estonian Maritime Museum,https://muuseumikaart.ee/en/museums/seaplane-harbour-estonian-maritime-museum/,"Vesilennuki 6, Tallinn",Tallinn,59.45254190000001,24.7360424,https://muuseumikaart.ee/wp-content/uploads/fly-images/20229/Lembit-scaled-290x150-c.jpg,Lembit,8
